path	type	strategy	rel_file_path	timestamp	dirty	build	touch_build	node_x	node_y	node_color
/project1/externalizations	table	tsv	project1/externalizations.tsv	2026-10-05 21:48:20 UTC				-200	0	0.9000,0.3000,0.4000
/project1/series_synth/SeriesSynthExt	text	py	project1/series_synth/SeriesSynthExt.py	2026-10-05 22:48:47 UTC				200	800	0.9000,0.3000,0.4000
/project1/series_synth/parexec_synth	parexec	py	project1/series_synth/parexec_synth.py	2026-10-05 22:48:47 UTC				600	800	0.9000,0.3000,0.4000
/project1/series_synth/data/webclient_bbk_callbacks	text	py	project1/series_synth/data/webclient_bbk_callbacks.py	2026-10-05 22:48:47 UTC				200	-120	0.9000,0.3000,0.4000
/project1/series_synth/data/clean_series_callbacks	text	py	project1/series_synth/data/clean_series_callbacks.py	2026-10-05 22:48:47 UTC				1000	-120	0.9000,0.3000,0.4000
/project1/series_synth/data/stats_series_callbacks	text	py	project1/series_synth/data/stats_series_callbacks.py	2026-10-05 22:48:47 UTC				1400	-520	0.9000,0.3000,0.4000
/project1/series_synth/engine/wavetable_lib	text	py	project1/series_synth/engine/wavetable_lib.py	2026-10-05 22:48:47 UTC				1400	0	0.9000,0.3000,0.4000
/project1/series_synth/engine/script_window_callbacks	text	py	project1/series_synth/engine/script_window_callbacks.py	2026-10-05 22:48:47 UTC				1000	-520	0.9000,0.3000,0.4000
/project1/series_synth/engine/script_wavetable_callbacks	text	py	project1/series_synth/engine/script_wavetable_callbacks.py	2026-10-05 22:48:47 UTC				1400	-520	0.9000,0.3000,0.4000
/project1/series_synth/engine/script_harmonics_callbacks	text	py	project1/series_synth/engine/script_harmonics_callbacks.py	2026-10-05 22:48:47 UTC				2200	-920	0.9000,0.3000,0.4000
/project1/series_synth/engine/script_frames_callbacks	text	py	project1/series_synth/engine/script_frames_callbacks.py	2026-10-05 22:48:47 UTC				1800	-120	0.9000,0.3000,0.4000
/project1/series_synth/engine/script_scope_callbacks	text	py	project1/series_synth/engine/script_scope_callbacks.py	2026-10-05 22:48:47 UTC				5400	-3920	0.9000,0.3000,0.4000
/project1/series_synth/viz/axes_callbacks	text	py	project1/series_synth/viz/axes_callbacks.py	2026-10-05 22:48:47 UTC				200	-920	0.9000,0.3000,0.4000
/project1/series_synth/viz/labels/labels_lib	text	py	project1/series_synth/viz/labels/labels_lib.py	2026-10-05 22:48:47 UTC				200	0	0.9000,0.3000,0.4000
/project1/series_synth/viz/labels/labels_callbacks	text	py	project1/series_synth/viz/labels/labels_callbacks.py	2026-10-05 22:48:47 UTC				200	-400	0.9000,0.3000,0.4000
/project1/series_synth/viz/glsl_dashboard_pixel	text	glsl	project1/series_synth/viz/glsl_dashboard_pixel.glsl	2026-10-05 22:48:54 UTC				4925	-120	0.9000,0.3000,0.4000
/project1/series_synth/viz/glsl_specsmooth_pixel	text	glsl	project1/series_synth/viz/glsl_specsmooth_pixel.glsl	2026-10-05 22:48:54 UTC				2525	-720	0.9000,0.3000,0.4000
/project1/series_synth/viz/glsl_sono_pixel	text	glsl	project1/series_synth/viz/glsl_sono_pixel.glsl	2026-10-05 22:48:54 UTC				3325	-1120	0.9000,0.3000,0.4000
/project1/series_synth/viz/scene3d/geo_frames/glsl_frames_compute	text	glsl	project1/series_synth/viz/scene3d/geo_frames/glsl_frames_compute.glsl	2026-10-05 22:48:54 UTC				525	-120	0.9000,0.3000,0.4000
/project1/series_synth	base	tdxn	project1/series_synth.tdxn	2026-10-06 09:23:39 UTC		4	099.2025.32820	400	-1400	0.3000,0.5000,0.9000
/project1/audioreactor/AudioReactorExt	text	py	project1/audioreactor/AudioReactorExt.py	2026-10-06 09:46:11 UTC				200	800	0.9000,0.3000,0.4000
/project1/audioreactor/parexec_reactor	parexec	py	project1/audioreactor/parexec_reactor.py	2026-10-06 09:46:11 UTC				600	800	0.9000,0.3000,0.4000
/project1/audioreactor/data/clean_series_callbacks	text	py	project1/audioreactor/data/clean_series_callbacks.py	2026-10-06 09:46:11 UTC				1000	-120	0.9000,0.3000,0.4000
/project1/audioreactor/data/stats_series_callbacks	text	py	project1/audioreactor/data/stats_series_callbacks.py	2026-10-06 09:46:11 UTC				1400	-520	0.9000,0.3000,0.4000
/project1/audioreactor/data/webclient_bbk_callbacks	text	py	project1/audioreactor/data/webclient_bbk_callbacks.py	2026-10-06 09:46:11 UTC				200	-120	0.9000,0.3000,0.4000
/project1/audioreactor/engine/wavetable_lib	text	py	project1/audioreactor/engine/wavetable_lib.py	2026-10-06 09:46:11 UTC				1400	0	0.9000,0.3000,0.4000
/project1/audioreactor/engine/script_scope_callbacks	text	py	project1/audioreactor/engine/script_scope_callbacks.py	2026-10-06 09:46:11 UTC				5400	-3920	0.9000,0.3000,0.4000
/project1/audioreactor/engine/script_window_callbacks	text	py	project1/audioreactor/engine/script_window_callbacks.py	2026-10-06 09:46:11 UTC				1000	-520	0.9000,0.3000,0.4000
/project1/audioreactor/engine/script_wavetable_callbacks	text	py	project1/audioreactor/engine/script_wavetable_callbacks.py	2026-10-06 09:46:11 UTC				1400	-520	0.9000,0.3000,0.4000
/project1/audioreactor/sense/script_features_callbacks	text	py	project1/audioreactor/sense/script_features_callbacks.py	2026-10-06 09:46:11 UTC				4400	-520	0.9000,0.3000,0.4000
/project1/audioreactor/sense/glsl_bg_pixel	text	glsl	project1/audioreactor/sense/glsl_bg_pixel.glsl	2026-10-06 09:46:11 UTC				1675	-1320	0.9000,0.3000,0.4000
/project1/audioreactor/sense/glsl_presence_pixel	text	glsl	project1/audioreactor/sense/glsl_presence_pixel.glsl	2026-10-06 09:46:11 UTC				2475	-1720	0.9000,0.3000,0.4000
/project1/audioreactor/sense/glsl_stats_pixel	text	glsl	project1/audioreactor/sense/glsl_stats_pixel.glsl	2026-10-06 09:46:11 UTC				3275	-2120	0.9000,0.3000,0.4000
/project1/audioreactor/viz/glsl_specsmooth_pixel	text	glsl	project1/audioreactor/viz/glsl_specsmooth_pixel.glsl	2026-10-06 09:46:11 UTC				875	-120	0.9000,0.3000,0.4000
/project1/audioreactor/viz/glsl_history_pixel	text	glsl	project1/audioreactor/viz/glsl_history_pixel.glsl	2026-10-06 09:46:11 UTC				2475	-520	0.9000,0.3000,0.4000
/project1/audioreactor/viz/glsl_field_pixel	text	glsl	project1/audioreactor/viz/glsl_field_pixel.glsl	2026-10-06 09:46:11 UTC				3275	-520	0.9000,0.3000,0.4000
/project1/audioreactor/viz/mat_cloud_vertex	text	glsl	project1/audioreactor/viz/mat_cloud_vertex.glsl	2026-10-06 09:46:11 UTC				5050	-920	0.9000,0.3000,0.4000
/project1/audioreactor/viz/mat_cloud_pixel	text	glsl	project1/audioreactor/viz/mat_cloud_pixel.glsl	2026-10-06 09:46:11 UTC				4900	-920	0.9000,0.3000,0.4000
/project1/audioreactor/viz/glsl_post_pixel	text	glsl	project1/audioreactor/viz/glsl_post_pixel.glsl	2026-10-06 09:46:12 UTC				6575	-520	0.9000,0.3000,0.4000
/project1/audioreactor	base	tdxn	project1/audioreactor.tdxn	2026-10-06 17:22:34 UTC		3	099.2025.32820	400	0	0.3000,0.5000,0.9000
/project1/musicvideo/MusicVideoExt	text	py	project1/musicvideo/MusicVideoExt.py	2026-10-06 16:42:27 UTC				200	800	0.9000,0.3000,0.4000
/project1/musicvideo/parexec_reactor	parexec	py	project1/musicvideo/parexec_reactor.py	2026-10-06 16:42:27 UTC				600	800	0.9000,0.3000,0.4000
/project1/musicvideo/sense/script_features_callbacks	text	py	project1/musicvideo/sense/script_features_callbacks.py	2026-10-06 16:42:27 UTC				4400	-520	0.9000,0.3000,0.4000
/project1/musicvideo/sense/glsl_bg_pixel	text	glsl	project1/musicvideo/sense/glsl_bg_pixel.glsl	2026-10-06 16:42:27 UTC				1675	-1320	0.9000,0.3000,0.4000
/project1/musicvideo/sense/glsl_presence_pixel	text	glsl	project1/musicvideo/sense/glsl_presence_pixel.glsl	2026-10-06 16:42:27 UTC				2475	-1720	0.9000,0.3000,0.4000
/project1/musicvideo/sense/glsl_stats_pixel	text	glsl	project1/musicvideo/sense/glsl_stats_pixel.glsl	2026-10-06 16:42:27 UTC				3275	-2120	0.9000,0.3000,0.4000
/project1/musicvideo/viz/glsl_field_pixel	text	glsl	project1/musicvideo/viz/glsl_field_pixel.glsl	2026-10-06 16:42:27 UTC				3275	-520	0.9000,0.3000,0.4000
/project1/musicvideo/viz/glsl_post_pixel	text	glsl	project1/musicvideo/viz/glsl_post_pixel.glsl	2026-10-06 16:42:27 UTC				6575	-520	0.9000,0.3000,0.4000
/project1/musicvideo/viz/glsl_history_pixel	text	glsl	project1/musicvideo/viz/glsl_history_pixel.glsl	2026-10-06 16:42:27 UTC				2475	-520	0.9000,0.3000,0.4000
/project1/musicvideo/viz/glsl_specsmooth_pixel	text	glsl	project1/musicvideo/viz/glsl_specsmooth_pixel.glsl	2026-10-06 16:42:27 UTC				875	-120	0.9000,0.3000,0.4000
/project1/musicvideo/viz/mat_cloud_vertex	text	glsl	project1/musicvideo/viz/mat_cloud_vertex.glsl	2026-10-06 16:42:27 UTC				5050	-920	0.9000,0.3000,0.4000
/project1/musicvideo/viz/mat_cloud_pixel	text	glsl	project1/musicvideo/viz/mat_cloud_pixel.glsl	2026-10-06 16:42:27 UTC				4900	-920	0.9000,0.3000,0.4000
/project1/musicvideo/data/clean_series_callbacks	text	py	project1/musicvideo/data/clean_series_callbacks.py	2026-10-06 16:42:27 UTC				1000	-120	0.9000,0.3000,0.4000
/project1/musicvideo/data/stats_series_callbacks	text	py	project1/musicvideo/data/stats_series_callbacks.py	2026-10-06 16:42:27 UTC				1400	-520	0.9000,0.3000,0.4000
/project1/musicvideo/data/webclient_bbk_callbacks	text	py	project1/musicvideo/data/webclient_bbk_callbacks.py	2026-10-06 16:42:27 UTC				200	-120	0.9000,0.3000,0.4000
/project1/musicvideo/engine/wavetable_lib	text	py	project1/musicvideo/engine/wavetable_lib.py	2026-10-06 16:42:28 UTC				1400	0	0.9000,0.3000,0.4000
/project1/musicvideo/engine/script_scope_callbacks	text	py	project1/musicvideo/engine/script_scope_callbacks.py	2026-10-06 16:42:28 UTC				5400	-3920	0.9000,0.3000,0.4000
/project1/musicvideo/engine/script_window_callbacks	text	py	project1/musicvideo/engine/script_window_callbacks.py	2026-10-06 16:42:28 UTC				1000	-520	0.9000,0.3000,0.4000
/project1/musicvideo/engine/script_wavetable_callbacks	text	py	project1/musicvideo/engine/script_wavetable_callbacks.py	2026-10-06 16:42:28 UTC				1400	-520	0.9000,0.3000,0.4000
/project1/musicvideo	base	tdxn	project1/musicvideo.tdxn	2026-10-06 17:22:34 UTC		5	099.2025.32820	400	-2200	0.3000,0.5000,0.9000
